{"cameraMode":{"drawMode":0,"name":"Shaded","section":"Shading Mode"},"sceneLighting":true,"audioPlay":false,"sceneViewState":{"showFog":true,"showMaterialUpdate":false,"showSkybox":true,"showFlares":true,"showImageEffects":true,"showParticleSystems":true},"in2DMode":false,"pivot":{"x":-3.157789707183838,"y":-1.3105659484863282,"z":3.4398956298828127},"rotation":{"x":-0.21569707989692689,"y":0.6891396045684815,"z":-0.227531298995018,"w":-0.6532960534095764},"size":4.358444690704346,"orthographic":false}