{"cameraMode":{"drawMode":0,"name":"Shaded","section":"Shading Mode"},"sceneLighting":true,"audioPlay":false,"sceneViewState":{"showFog":true,"showMaterialUpdate":false,"showSkybox":true,"showFlares":true,"showImageEffects":true,"showParticleSystems":true},"in2DMode":false,"pivot":{"x":-1.8744198083877564,"y":0.5922688245773315,"z":-6.401969909667969},"rotation":{"x":-0.03231935575604439,"y":0.9626082181930542,"z":-0.13309912383556367,"w":-0.23373441398143769},"size":5.6614179611206059,"orthographic":false}