{"cameraMode":{"drawMode":0,"name":"Shaded","section":"Shading Mode"},"sceneLighting":true,"audioPlay":false,"sceneViewState":{"showFog":true,"showMaterialUpdate":false,"showSkybox":true,"showFlares":true,"showImageEffects":true,"showParticleSystems":true},"in2DMode":false,"pivot":{"x":-15.209007263183594,"y":-7.156712532043457,"z":8.553877830505371},"rotation":{"x":-0.2846936285495758,"y":0.6378079652786255,"z":-0.27478674054145815,"w":-0.6608031988143921},"size":15.08298397064209,"orthographic":false}